,S1,S2,S3,S4,S5,S6,S7,S8,S9,S10,S11,S12,S13,S14,S15
7da4,0.931106472,0,0,0,0,0,0,0,0,0,0,0,0,0,0
4991,0.068893528,0,0,0,0,0,0,0,0,0,0,0,0,0,0
d046,0,0.919567827,0,0,0,0,0,0,0,0,0,0,0,0,0
b98b,0,0.080432173,0,0,0,0,0,0,0,0,0,0,0,0,0
824d,0,0,0.925403226,0,0,0,0,0,0,0,0,0,0,0,0
7523,0,0,0.074596774,0,0,0,0,0,0,0,0,0,0,0,0
7fab,0,0,0,0.905286344,0,0,0,0,0.931073446,0,0,0,0,0,0
0d0b,0,0,0,0.094713656,0,0,0,0,0.068926554,0,0,0,0,0,0
6bbd,0,0,0,0,0.928961749,0,0,0,0,0,0,0,0,0,0
fe03,0,0,0,0,0.071038251,0,0,0,0,0,0,0,0,0,0
2110,0,0,0,0,0,0.910623946,0,0,0,0,0,0,0,0,0
286d,0,0,0,0,0,0.089376054,0,0,0,0,0,0,0,0,0
9a3e,0,0,0,0,0,0,0.472847682,0,0,0,0,0,0,0,0
a1b1,0,0,0,0,0,0,0.454304636,0,0,0,0,0,0,0,0
416c,0,0,0,0,0,0,0.072847682,0,0,0,0,0,0,0,0
ee0a,0,0,0,0,0,0,0,0.586448598,0,0,0,0,0,0,0
879d,0,0,0,0,0,0,0,0.200956938,0,0,0,0,0,0,0
9893,0,0,0,0,0,0,0,0.049065421,0,0,0,0,0,0,0
eb98,0,0,0,0,0,0,0,0.046728972,0,0,0,0,0,0,0
c1f0,0,0,0,0,0,0,0,0.044392523,0,0,0,0,0,0,0
5655,0,0,0,0,0,0,0,0.042056075,0,0,0,0,0,0,0
e8e3,0,0,0,0,0,0,0,0.030351473,0,0,0,0,0,0,0
37b9,0,0,0,0,0,0,0,0,0,1,0,0,0,0,0
0e28,0,0,0,0,0,0,0,0,0,0,0.916402116,0,0,0,0
8526,0,0,0,0,0,0,0,0,0,0,0.083597884,0,0,0,0
a127,0,0,0,0,0,0,0,0,0,0,0,1,0,0,0
7159,0,0,0,0,0,0,0,0,0,0,0,0,1,0,0
f238,0,0,0,0,0,0,0,0,0,0,0,0,0,0.878080415,0
5ca0,0,0,0,0,0,0,0,0,0,0,0,0,0,0.071335927,0
b366,0,0,0,0,0,0,0,0,0,0,0,0,0,0.050583658,0
5814,0,0,0,0,0,0,0,0,0,0,0,0,0,0,0.941580756
f684,0,0,0,0,0,0,0,0,0,0,0,0,0,0,0.058419244